<?xml version="1.0" encoding="UTF-8"?>
<project-private xmlns="http://www.netbeans.org/ns/project-private/1">
    <editor-bookmarks xmlns="http://www.netbeans.org/ns/editor-bookmarks/2" lastBookmarkId="0"/>
    <open-files xmlns="http://www.netbeans.org/ns/projectui-open-files/2">
        <group>
            <file>file:/C:/Users/DELL/Documents/NetBeansProjects/Campus_Recruitment/web/contact_us.html</file>
            <file>file:/C:/Users/DELL/Documents/NetBeansProjects/Campus_Recruitment/web/viewPlacementDetailsCoordinator.jsp</file>
            <file>file:/C:/Users/DELL/Documents/NetBeansProjects/Campus_Recruitment/web/student_login.html</file>
            <file>file:/C:/Users/DELL/Documents/NetBeansProjects/Campus_Recruitment/web/style.css</file>
            <file>file:/C:/Users/DELL/Documents/NetBeansProjects/Campus_Recruitment/web/view_placement.jsp</file>
            <file>file:/C:/Users/DELL/Documents/NetBeansProjects/Campus_Recruitment/web/detailsOfPlacement.jsp</file>
            <file>file:/C:/Users/DELL/Documents/NetBeansProjects/Campus_Recruitment/web/view_profile.jsp</file>
            <file>file:/C:/Users/DELL/Documents/NetBeansProjects/Campus_Recruitment/web/view_feedback.jsp</file>
            <file>file:/C:/Users/DELL/Documents/NetBeansProjects/Campus_Recruitment/web/index.html</file>
            <file>file:/C:/Users/DELL/Documents/NetBeansProjects/Campus_Recruitment/web/add_coordinator.jsp</file>
            <file>file:/C:/Users/DELL/Documents/NetBeansProjects/Campus_Recruitment/web/admin_login.html</file>
            <file>file:/C:/Users/DELL/Documents/NetBeansProjects/Campus_Recruitment/web/Applied.html</file>
            <file>file:/C:/Users/DELL/Documents/NetBeansProjects/Campus_Recruitment/web/coordinator_login.html</file>
            <file>file:/C:/Users/DELL/Documents/NetBeansProjects/Campus_Recruitment/web/campus_placements.jsp</file>
            <file>file:/C:/Users/DELL/Documents/NetBeansProjects/Campus_Recruitment/web/add_placement.jsp</file>
            <file>file:/C:/Users/DELL/Documents/NetBeansProjects/Campus_Recruitment/web/student_registration.html</file>
            <file>file:/C:/Users/DELL/Documents/NetBeansProjects/Campus_Recruitment/web/register-style.css</file>
        </group>
    </open-files>
</project-private>
